{
  "/LoadRunner_Correlation_Challenge_Exp.aspx-81" : {
    "transaction" : "/LoadRunner_Correlation_Challenge_Exp.aspx-81",
    "sampleCount" : 231,
    "errorCount" : 0,
    "errorPct" : 0.0,
    "meanResTime" : 1539.8138528138527,
    "medianResTime" : 384.0,
    "minResTime" : 277.0,
    "maxResTime" : 24381.0,
    "pct1ResTime" : 2606.2000000000003,
    "pct2ResTime" : 11148.99999999999,
    "pct3ResTime" : 21789.600000000046,
    "throughput" : 2.6470790456764375,
    "receivedKBytesPerSec" : 34.4844086614489,
    "sentKBytesPerSec" : 1.189117540049962
  },
  "Launch" : {
    "transaction" : "Launch",
    "sampleCount" : 261,
    "errorCount" : 0,
    "errorPct" : 0.0,
    "meanResTime" : 3088.8084291187706,
    "medianResTime" : 1400.0,
    "minResTime" : 827.0,
    "maxResTime" : 31848.0,
    "pct1ResTime" : 8806.400000000003,
    "pct2ResTime" : 13283.699999999995,
    "pct3ResTime" : 26426.559999999994,
    "throughput" : 2.8498427672955975,
    "receivedKBytesPerSec" : 41.07502871339426,
    "sentKBytesPerSec" : 2.3045783106219426
  },
  "/favicon.ico-3" : {
    "transaction" : "/favicon.ico-3",
    "sampleCount" : 261,
    "errorCount" : 0,
    "errorPct" : 0.0,
    "meanResTime" : 912.195402298851,
    "medianResTime" : 395.0,
    "minResTime" : 269.0,
    "maxResTime" : 9934.0,
    "pct1ResTime" : 2298.2000000000016,
    "pct2ResTime" : 4357.799999999998,
    "pct3ResTime" : 7690.819999999987,
    "throughput" : 2.890493488083636,
    "receivedKBytesPerSec" : 4.124034166103703,
    "sentKBytesPerSec" : 1.1094479372009833
  },
  "Click Start" : {
    "transaction" : "Click Start",
    "sampleCount" : 260,
    "errorCount" : 0,
    "errorPct" : 0.0,
    "meanResTime" : 1499.0500000000006,
    "medianResTime" : 439.5,
    "minResTime" : 274.0,
    "maxResTime" : 56215.0,
    "pct1ResTime" : 2850.2000000000007,
    "pct2ResTime" : 5946.299999999994,
    "pct3ResTime" : 21913.10999999994,
    "throughput" : 2.839264848809147,
    "receivedKBytesPerSec" : 31.678107902984507,
    "sentKBytesPerSec" : 2.473265864392343
  },
  "Enter_Number" : {
    "transaction" : "Enter_Number",
    "sampleCount" : 251,
    "errorCount" : 0,
    "errorPct" : 0.0,
    "meanResTime" : 1449.03984063745,
    "medianResTime" : 396.0,
    "minResTime" : 274.0,
    "maxResTime" : 16452.0,
    "pct1ResTime" : 3531.0000000000027,
    "pct2ResTime" : 9587.599999999988,
    "pct3ResTime" : 12864.359999999997,
    "throughput" : 2.7297741139109726,
    "receivedKBytesPerSec" : 28.974526214939804,
    "sentKBytesPerSec" : 2.6577976480168353
  },
  "Total" : {
    "transaction" : "Total",
    "sampleCount" : 1779,
    "errorCount" : 1,
    "errorPct" : 0.056211356,
    "meanResTime" : 1618.8251826869023,
    "medianResTime" : 485.0,
    "minResTime" : 224.0,
    "maxResTime" : 56215.0,
    "pct1ResTime" : 3411.0,
    "pct2ResTime" : 8602.0,
    "pct3ResTime" : 18303.40000000006,
    "throughput" : 17.08129698796916,
    "receivedKBytesPerSec" : 154.99456832878857,
    "sentKBytesPerSec" : 11.842511614969899
  },
  "Enter_City_Name" : {
    "transaction" : "Enter_City_Name",
    "sampleCount" : 256,
    "errorCount" : 0,
    "errorPct" : 0.0,
    "meanResTime" : 1470.6953124999998,
    "medianResTime" : 442.0,
    "minResTime" : 276.0,
    "maxResTime" : 19337.0,
    "pct1ResTime" : 3609.600000000004,
    "pct2ResTime" : 6772.34999999998,
    "pct3ResTime" : 17742.98,
    "throughput" : 2.9536643898836994,
    "receivedKBytesPerSec" : 40.75274679611063,
    "sentKBytesPerSec" : 2.761984478839764
  },
  "Click_Next" : {
    "transaction" : "Click_Next",
    "sampleCount" : 231,
    "errorCount" : 0,
    "errorPct" : 0.0,
    "meanResTime" : 2323.090909090909,
    "medianResTime" : 851.0,
    "minResTime" : 515.0,
    "maxResTime" : 27323.0,
    "pct1ResTime" : 4688.200000000011,
    "pct2ResTime" : 14600.999999999993,
    "pct3ResTime" : 23122.68000000004,
    "throughput" : 2.5589046558771726,
    "receivedKBytesPerSec" : 34.415268477285565,
    "sentKBytesPerSec" : 3.2661019387026022
  },
  "/g/collect?v=2&tid=G-XQRC4QQ389&gtm=45je35v0&_p=313445955&cid=899822427.1685618745&ul=en-us&sr=1280x720&_eu=ABA&ngs=1&_s=1&sid=1685618747&sct=1&seg=1&dl=http%3A%2F%2Floadrunnertips.com%2FLoadRunner_Correlation_Challenge_Exp.aspx&dr=http%3A%2F%2Floadrunnertips.com%2FLoadRunner_Correlation_Challenge_Exp.aspx&dt=LoadRunner%3ACorrelation%20Challenge&en=page_view&_ee=1-77" : {
    "transaction" : "/g/collect?v=2&tid=G-XQRC4QQ389&gtm=45je35v0&_p=313445955&cid=899822427.1685618745&ul=en-us&sr=1280x720&_eu=ABA&ngs=1&_s=1&sid=1685618747&sct=1&seg=1&dl=http%3A%2F%2Floadrunnertips.com%2FLoadRunner_Correlation_Challenge_Exp.aspx&dr=http%3A%2F%2Floadrunnertips.com%2FLoadRunner_Correlation_Challenge_Exp.aspx&dt=LoadRunner%3ACorrelation%20Challenge&en=page_view&_ee=1-77",
    "sampleCount" : 246,
    "errorCount" : 1,
    "errorPct" : 0.40650406,
    "meanResTime" : 1479.2682926829266,
    "medianResTime" : 380.5,
    "minResTime" : 224.0,
    "maxResTime" : 26647.0,
    "pct1ResTime" : 2849.0000000000027,
    "pct2ResTime" : 8091.499999999963,
    "pct3ResTime" : 21848.670000000002,
    "throughput" : 2.701426484960961,
    "receivedKBytesPerSec" : 1.157605603400942,
    "sentKBytesPerSec" : 2.2253974411945574
  },
  "/LoadRunner_Correlation_Challenge_Exp.aspx-14" : {
    "transaction" : "/LoadRunner_Correlation_Challenge_Exp.aspx-14",
    "sampleCount" : 260,
    "errorCount" : 0,
    "errorPct" : 0.0,
    "meanResTime" : 1499.0461538461534,
    "medianResTime" : 439.5,
    "minResTime" : 274.0,
    "maxResTime" : 56215.0,
    "pct1ResTime" : 2850.2000000000007,
    "pct2ResTime" : 5946.299999999994,
    "pct3ResTime" : 21913.10999999994,
    "throughput" : 2.8392338436674165,
    "receivedKBytesPerSec" : 31.67776197392273,
    "sentKBytesPerSec" : 2.4732388560071636
  },
  "/LoadRunner_Correlation_Challenge_Exp.aspx-36" : {
    "transaction" : "/LoadRunner_Correlation_Challenge_Exp.aspx-36",
    "sampleCount" : 256,
    "errorCount" : 0,
    "errorPct" : 0.0,
    "meanResTime" : 1470.6953124999998,
    "medianResTime" : 442.0,
    "minResTime" : 276.0,
    "maxResTime" : 19337.0,
    "pct1ResTime" : 3609.600000000004,
    "pct2ResTime" : 6772.34999999998,
    "pct3ResTime" : 17742.98,
    "throughput" : 2.953698468922708,
    "receivedKBytesPerSec" : 40.75321699660209,
    "sentKBytesPerSec" : 2.7620163462980694
  },
  "/LoadRunner_Correlation_Challenge_Exp.aspx-58" : {
    "transaction" : "/LoadRunner_Correlation_Challenge_Exp.aspx-58",
    "sampleCount" : 251,
    "errorCount" : 0,
    "errorPct" : 0.0,
    "meanResTime" : 1449.0358565737056,
    "medianResTime" : 396.0,
    "minResTime" : 274.0,
    "maxResTime" : 16452.0,
    "pct1ResTime" : 3531.0000000000027,
    "pct2ResTime" : 9587.599999999988,
    "pct3ResTime" : 12864.359999999997,
    "throughput" : 2.7297741139109726,
    "receivedKBytesPerSec" : 28.974526214939804,
    "sentKBytesPerSec" : 2.6577976480168353
  },
  "/LoadRunner_Correlation_Challenge_Exp.aspx-1" : {
    "transaction" : "/LoadRunner_Correlation_Challenge_Exp.aspx-1",
    "sampleCount" : 274,
    "errorCount" : 0,
    "errorPct" : 0.0,
    "meanResTime" : 2891.430656934308,
    "medianResTime" : 949.5,
    "minResTime" : 552.0,
    "maxResTime" : 33037.0,
    "pct1ResTime" : 8543.0,
    "pct2ResTime" : 13240.75,
    "pct3ResTime" : 28342.75,
    "throughput" : 2.6308461915140806,
    "receivedKBytesPerSec" : 34.165031889408446,
    "sentKBytesPerSec" : 1.1189085168844637
  }
}